TradeID,Counterparty,MTM,EAD,RWA,Capital,KVA,Revenue,RoC
2,SBI,61.62728793015302,251.5353260229082,50.30706520458165,5.282241846481073,4.988160514975749,71.62728793015302,12.615690336021053
1,HDFC,-5.717351477204345,15.483945185001659,3.096789037000332,0.3251628488850348,0.17262184211433793,2.5,7.157577090575112
3,Kotak,-2.037273649946968,3.330690368741417,0.6661380737482835,0.06994449774356977,0.015974637598694646,0.5,6.920134935786331
